subject_ID,trials,mean_score,mean_rt,mean_goodPropose_happyEnd_score,mean_goodPropose_happyEnd_rt,mean_goodPropose_sadEnd_score,mean_goodPropose_sadEnd_rt,mean_badPropose_happyEnd_score,mean_badPropose_happyEnd_rt,mean_badPropose_sadEnd_score,mean_badPropose_sadEnd_rt
255940,24,3.1781684027777772,2.813324033332871,5.450148809523809,2.6522762428565847,2.565755208333333,3.6152296125001158,2.526041666666667,2.1129788999987795,1.7924107142857142,2.2580069142849033
550583,84,2.9858630952380945,2.065550990476021,5.4606770833333345,2.078873809999095,2.908854166666666,2.422803450000356,2.277083333333333,1.7397071100000177,1.5783420138888886,2.02827482499985
