subject_num,avg_cor_1,avg_rt_1,avg_cor_2,avg_rt_2,avg_cor_3,avg_rt_3,avg_cor_4,avg_rt_4,avg_cor_5,avg_rt_5,avg_cor_6,avg_rt_6,avg_whole_cor,avg_whole_rt,ED_score
0.0,0.9166666666666666,0.2482384181816583,0.5833333333333334,0.6190551714283045,0.4166666666666667,0.5864064599998529,0.8333333333333334,0.4649586399995314,0.8333333333333334,0.421565329999612,0.8333333333333334,0.5819514299999355,0.7361111111111112,0.7712748468745758,-0.1733269118179536